City	Country	Population	Definition	Area	Density
Tokyo	 Japan	"37,468,000"	Metropolis prefecture	"2,191"	"6,169"
Delhi	 India	"28,514,000"	Municipal corporation	"1,484"	"11,289"
Shanghai	 China	"25,582,000"	Municipality	"6,341"	"3,922"
São Paulo	 Brazil	"21,650,000"	Municipality	"1,521"	"8,055"
Mexico City	 Mexico	"21,581,000"	City-state	"1,485"	"6,202"
Cairo	 Egypt	"20,076,000"	Urban governorate	"3,085"	"3,256"
Mumbai	 India	"19,980,000"	Municipal corporation	603	"20,694"
Beijing	 China	"19,618,000"	Municipality	"16,411"	"1,334"
Dhaka	 Bangladesh	"19,578,000"	Capital city	338	"30,460"
Osaka	 Japan	"19,281,000"	Designated city	225	"12,111"
New York-Newark	 United States	"18,819,000"	City	778	"11,316"
Karachi	 Pakistan	"15,400,000"	Metropolitan city	"3,530"	"5,774"
Buenos Aires	 Argentina	"14,967,000"	Autonomous city	203	"15,046"
Chongqing	 China	"14,838,000"	Municipality	"82,403"	389
Istanbul	 Turkey	"14,751,000"	Metropolitan municipality	"5,196"	"2,987"
Kolkata	 India	"15,333,000"	Municipal corporation	206	"21,829"
Manila	 Philippines	"13,482,000"	Capital city	43	"41,399"
Lagos	 Nigeria	"13,463,000"	Metropolitan city	"1,171"	"17,933"
Rio de Janeiro	 Brazil	"13,293,000"	Municipality	"1,221"	"5,340"
Tianjin	 China	"13,215,000"	Municipality	"11,920"	"1,163"
Kinshasa	 DR Congo	"13,171,000"	City-province	"9,965"	"1,462"
Guangzhou	 China	"12,638,000"	City (sub-provincial)	"7,434"	"2,512"
Los Angeles	 United States	"12,458,000"	City	"1,214"	"3,287"
Moscow	 Russia	"12,410,000"	Federal city	"2,511"	"5,257"
Shenzhen	 China	"11,908,000"	City (sub-provincial)	"2,050"	"8,534"
Lahore	 Pakistan	"11,738,000"	Metropolitan city	"1,772"	"7,339"
Bangalore	 India	"11,440,000"	Municipal corporation	709	"11,909"
Paris	 France	"10,901,000"	Commune	105	"20,460"
Bogotá	 Colombia	"10,574,000"	Capital District	"1,587"	"5,018"
Jakarta	 Indonesia	"10,517,000"	Special region	664	"15,292"
Chennai	 India	"10,456,000"	Municipal corporation	426	"15,791"
Lima	 Peru	"10,391,000"	Metropolitan municipality	"2,672"	"3,329"
Bangkok	 Thailand	"10,156,000"	Special administrative area	"1,569"	"5,293"
Seoul	 South Korea	"9,963,000"	Special city	605	"16,552"
Nagoya	 Japan	"9,507,000"	Designated city	326	"7,118"
Hyderabad	 India	"9,482,000"	Municipal corporation	650	"10,759"
London	 United Kingdom	"9,046,000"	Capital city	"1,572"	"5,614"
Tehran	 Iran	"8,896,000"	Capital city	751	"12,028"
Chicago	 United States	"8,864,000"	City	589	"4,663"
Chengdu	 China	"8,813,000"	City (sub-provincial)	"14,378"	"1,456"
Nanjing	 China	"8,245,000"	City (sub-provincial)	"6,582"	"1,415"
Wuhan	 China	"8,176,000"	City (sub-provincial)	"8,494"	"1,465"
Ho Chi Minh City	 Vietnam	"8,145,000"	Municipality	"2,061"	"3,606"
Luanda	 Angola	"7,774,000"	Municipality	116	"18,671"
Ahmedabad	 India	"7,681,000"	Municipal corporation	464	"12,006"
Kuala Lumpur	 Malaysia	"7,564,000"	City	243	"7,276"
Xi'an	 China	"7,444,000"	City (sub-provincial)	"10,135"	"1,202"
Hong Kong	 China	"7,429,000"	Special administrative region	"1,104"	"6,611"
Dongguan	 China	"7,360,000"	Prefecture-level city	"2,465"	"4,246"
Hangzhou	 China	"7,236,000"	City (sub-provincial)	"16,596"	719
Foshan	 China	"7,236,000"	Prefecture-level city	"3,848"	"2,469"
Shenyang	 China	"6,921,000"	City (sub-provincial)	"12,980"	639
Riyadh	 Saudi Arabia	"6,907,000"	Municipality	"1,913"	"3,499"
Baghdad	 Iraq	"6,812,000"	Urban governorate	"5,200"	"1,563"
Santiago	 Chile	"6,680,000"	City (commune)	22	"10,748"
Surat	 India	"6,564,000"	Municipal corporation	327	"13,660"
Madrid	 Spain	"6,497,000"	Municipality	606	"5,390"
Suzhou	 China	"6,339,000"	Prefecture-level city	"8,488"	"1,502"
Pune	 India	"7,184,000"	Municipal corporation	276	"11,321"
Harbin	 China	"6,115,000"	City (sub-provincial)	"53,068"	200
Houston	 United States	"6,115,000"	City	"1,553"	"1,497"
Dallas	 United States	"6,099,000"	City	882	"1,525"
Toronto	 Canada	"6,082,000"	City	630	"4,336"
Dar es Salaam	 Tanzania	"6,048,000"	City	"1,393"	"3,865"
Miami	 United States	"6,036,000"	City	93	"5,069"
Belo Horizonte	 Brazil	"5,972,000"	City	331	"7,563"
Singapore	 Singapore	"5,792,000"	Country	726	"7,770"
Philadelphia	 United States	"5,695,000"	Consolidated city-county	370	"4,129"
Atlanta	 United States	"5,572,000"	City	354	"1,408"
Fukuoka	 Japan	"5,551,000"	Designated city	343	"4,627"
Khartoum	 Sudan	"5,534,000"	—	"1,031"	"7,632"
Barcelona	 Spain	"5,494,000"	Municipality	101	"15,980"
Johannesburg	 South Africa	"5,486,000"	Metropolitan municipality	"1,643"	"2,924"
Saint Petersburg	 Russia	"5,383,000"	Federal city	"1,400"	"4,001"
Qingdao	 China	"5,381,000"	City (sub-provincial)	"11,229"	897
Dalian	 China	"5,300,000"	City (sub-provincial)	"13,742"	542
Washington	 United States	"5,207,000"	Federal district	177	"3,969"
Yangon	 Myanmar	"5,157,000"	City	666	"10,321"
Alexandria	 Egypt	"5,086,000"	Urban governorate	"2,300"	"2,366"
Jinan	 China	"5,052,000"	City (sub-provincial)	"10,244"	898
Guadalajara	 Mexico	"5,023,000"	Municipality	151	"9,176"
